model,regYear,regMonth,carCommentVolum,newsReplyVolum
02aab221aabc03b9,2016,1,132,399
02aab221aabc03b9,2016,2,160,3043
02aab221aabc03b9,2016,3,357,798
02aab221aabc03b9,2016,4,243,3821
02aab221aabc03b9,2016,5,283,933
02aab221aabc03b9,2016,6,252,143
02aab221aabc03b9,2016,7,557,623
02aab221aabc03b9,2016,8,652,1809
02aab221aabc03b9,2016,9,506,1033
02aab221aabc03b9,2016,10,649,4699
02aab221aabc03b9,2016,11,436,1948
02aab221aabc03b9,2016,12,361,1283
02aab221aabc03b9,2017,1,375,774
02aab221aabc03b9,2017,2,483,2156
02aab221aabc03b9,2017,3,848,2144
02aab221aabc03b9,2017,4,380,310
02aab221aabc03b9,2017,5,554,2579
02aab221aabc03b9,2017,6,310,546
02aab221aabc03b9,2017,7,626,132
02aab221aabc03b9,2017,8,843,2982
02aab221aabc03b9,2017,9,1058,378
02aab221aabc03b9,2017,10,784,1947
02aab221aabc03b9,2017,11,608,1113
02aab221aabc03b9,2017,12,403,2037
04e66e578f653ab9,2016,1,6,99
04e66e578f653ab9,2016,2,6,1607
04e66e578f653ab9,2016,3,4,3887
04e66e578f653ab9,2016,4,11,1695
04e66e578f653ab9,2016,5,21,1141
04e66e578f653ab9,2016,6,18,335
04e66e578f653ab9,2016,7,36,2934
04e66e578f653ab9,2016,8,33,992
04e66e578f653ab9,2016,9,63,613
04e66e578f653ab9,2016,10,46,2150
04e66e578f653ab9,2016,11,49,910
04e66e578f653ab9,2016,12,46,1979
04e66e578f653ab9,2017,1,59,1337
04e66e578f653ab9,2017,2,80,851
04e66e578f653ab9,2017,3,94,107
04e66e578f653ab9,2017,4,81,513
04e66e578f653ab9,2017,5,84,96
04e66e578f653ab9,2017,6,95,70
04e66e578f653ab9,2017,7,106,85
04e66e578f653ab9,2017,8,149,56
04e66e578f653ab9,2017,9,160,2214
04e66e578f653ab9,2017,10,190,1291
04e66e578f653ab9,2017,11,137,40
04e66e578f653ab9,2017,12,105,500
06880909932890ca,2016,1,3,675
06880909932890ca,2016,2,7,1124
06880909932890ca,2016,3,12,305
06880909932890ca,2016,4,28,137
06880909932890ca,2016,5,19,106
06880909932890ca,2016,6,32,2034
06880909932890ca,2016,7,37,89
06880909932890ca,2016,8,52,593
06880909932890ca,2016,9,47,817
06880909932890ca,2016,10,74,1756
06880909932890ca,2016,11,56,1214
06880909932890ca,2016,12,53,235
06880909932890ca,2017,1,63,766
06880909932890ca,2017,2,124,605
06880909932890ca,2017,3,95,2440
06880909932890ca,2017,4,138,2473
06880909932890ca,2017,5,178,368
06880909932890ca,2017,6,155,52
06880909932890ca,2017,7,185,110
06880909932890ca,2017,8,256,48
06880909932890ca,2017,9,372,9
06880909932890ca,2017,10,260,25
06880909932890ca,2017,11,209,2
06880909932890ca,2017,12,143,10
0797526c057dcf5b,2016,1,9,4481
0797526c057dcf5b,2016,2,13,5941
0797526c057dcf5b,2016,3,26,2454
0797526c057dcf5b,2016,4,68,3129
0797526c057dcf5b,2016,5,155,2338
0797526c057dcf5b,2016,6,215,1618
0797526c057dcf5b,2016,7,233,3710
0797526c057dcf5b,2016,8,195,2851
0797526c057dcf5b,2016,9,234,3166
0797526c057dcf5b,2016,10,258,3773
0797526c057dcf5b,2016,11,213,1410
0797526c057dcf5b,2016,12,190,1743
0797526c057dcf5b,2017,1,147,2451
0797526c057dcf5b,2017,2,215,956
0797526c057dcf5b,2017,3,392,1833
0797526c057dcf5b,2017,4,339,1492
0797526c057dcf5b,2017,5,578,1469
0797526c057dcf5b,2017,6,475,3989
0797526c057dcf5b,2017,7,583,4098
0797526c057dcf5b,2017,8,793,3667
0797526c057dcf5b,2017,9,1082,2613
0797526c057dcf5b,2017,10,1251,1870
0797526c057dcf5b,2017,11,1170,1703
0797526c057dcf5b,2017,12,851,1341
12f8b7e14947c34d,2016,1,223,43
12f8b7e14947c34d,2016,2,232,43
12f8b7e14947c34d,2016,3,270,725
12f8b7e14947c34d,2016,4,354,1887
12f8b7e14947c34d,2016,5,492,1598
12f8b7e14947c34d,2016,6,383,1128
12f8b7e14947c34d,2016,7,666,688
12f8b7e14947c34d,2016,8,431,90
12f8b7e14947c34d,2016,9,559,68
12f8b7e14947c34d,2016,10,778,64
12f8b7e14947c34d,2016,11,267,630
12f8b7e14947c34d,2016,12,263,71
12f8b7e14947c34d,2017,1,136,946
12f8b7e14947c34d,2017,2,251,81
12f8b7e14947c34d,2017,3,260,1480
12f8b7e14947c34d,2017,4,159,3582
12f8b7e14947c34d,2017,5,547,200
12f8b7e14947c34d,2017,6,358,2201
12f8b7e14947c34d,2017,7,323,5774
12f8b7e14947c34d,2017,8,543,14274
12f8b7e14947c34d,2017,9,449,8920
12f8b7e14947c34d,2017,10,495,7600
12f8b7e14947c34d,2017,11,607,6000
12f8b7e14947c34d,2017,12,601,838
17363f08d683d52b,2016,1,20,23
17363f08d683d52b,2016,2,22,14
17363f08d683d52b,2016,3,16,10
17363f08d683d52b,2016,4,17,27
17363f08d683d52b,2016,5,20,131
17363f08d683d52b,2016,6,20,55
17363f08d683d52b,2016,7,22,9
17363f08d683d52b,2016,8,38,11
17363f08d683d52b,2016,9,25,30
17363f08d683d52b,2016,10,29,26
17363f08d683d52b,2016,11,25,307
17363f08d683d52b,2016,12,26,8
17363f08d683d52b,2017,1,17,14
17363f08d683d52b,2017,2,24,19
17363f08d683d52b,2017,3,54,17
17363f08d683d52b,2017,4,13,2230
17363f08d683d52b,2017,5,8,611
17363f08d683d52b,2017,6,11,744
17363f08d683d52b,2017,7,82,690
17363f08d683d52b,2017,8,24,124
17363f08d683d52b,2017,9,28,9
17363f08d683d52b,2017,10,21,1167
17363f08d683d52b,2017,11,87,8006
17363f08d683d52b,2017,12,201,3302
17bc272c93f19d56,2016,1,0,0
17bc272c93f19d56,2016,2,0,0
17bc272c93f19d56,2016,3,0,0
17bc272c93f19d56,2016,4,1,0
17bc272c93f19d56,2016,5,0,0
17bc272c93f19d56,2016,6,4,0
17bc272c93f19d56,2016,7,0,0
17bc272c93f19d56,2016,8,2,0
17bc272c93f19d56,2016,9,1,0
17bc272c93f19d56,2016,10,1,0
17bc272c93f19d56,2016,11,5,0
17bc272c93f19d56,2016,12,0,0
17bc272c93f19d56,2017,1,2,0
17bc272c93f19d56,2017,2,4,0
17bc272c93f19d56,2017,3,11,0
17bc272c93f19d56,2017,4,12,3786
17bc272c93f19d56,2017,5,12,2336
17bc272c93f19d56,2017,6,15,564
17bc272c93f19d56,2017,7,16,1498
17bc272c93f19d56,2017,8,30,3824
17bc272c93f19d56,2017,9,45,369
17bc272c93f19d56,2017,10,65,3907
17bc272c93f19d56,2017,11,67,3403
17bc272c93f19d56,2017,12,63,304
212083a9246d2fd3,2016,1,65,469
212083a9246d2fd3,2016,2,53,675
212083a9246d2fd3,2016,3,74,1784
212083a9246d2fd3,2016,4,109,1422
212083a9246d2fd3,2016,5,280,676
212083a9246d2fd3,2016,6,223,33
212083a9246d2fd3,2016,7,325,23
212083a9246d2fd3,2016,8,401,25
212083a9246d2fd3,2016,9,263,22
212083a9246d2fd3,2016,10,246,27
212083a9246d2fd3,2016,11,229,876
212083a9246d2fd3,2016,12,302,21
212083a9246d2fd3,2017,1,167,13
212083a9246d2fd3,2017,2,174,224
212083a9246d2fd3,2017,3,161,20
212083a9246d2fd3,2017,4,110,22
212083a9246d2fd3,2017,5,438,196
212083a9246d2fd3,2017,6,173,727
212083a9246d2fd3,2017,7,299,152
212083a9246d2fd3,2017,8,176,21
212083a9246d2fd3,2017,9,166,293
212083a9246d2fd3,2017,10,279,263
212083a9246d2fd3,2017,11,383,68
212083a9246d2fd3,2017,12,281,33
28e29f2c03dcd84c,2016,1,6,10690
28e29f2c03dcd84c,2016,2,7,2598
28e29f2c03dcd84c,2016,3,24,4355
28e29f2c03dcd84c,2016,4,14,258
28e29f2c03dcd84c,2016,5,19,216
28e29f2c03dcd84c,2016,6,49,1534
28e29f2c03dcd84c,2016,7,35,1175
28e29f2c03dcd84c,2016,8,81,3635
28e29f2c03dcd84c,2016,9,99,1034
28e29f2c03dcd84c,2016,10,81,2342
28e29f2c03dcd84c,2016,11,111,1756
28e29f2c03dcd84c,2016,12,115,162
28e29f2c03dcd84c,2017,1,83,68
28e29f2c03dcd84c,2017,2,193,2569
28e29f2c03dcd84c,2017,3,232,103
28e29f2c03dcd84c,2017,4,231,478
28e29f2c03dcd84c,2017,5,279,1707
28e29f2c03dcd84c,2017,6,176,994
28e29f2c03dcd84c,2017,7,291,972
28e29f2c03dcd84c,2017,8,317,206
28e29f2c03dcd84c,2017,9,401,2894
28e29f2c03dcd84c,2017,10,322,657
28e29f2c03dcd84c,2017,11,280,199
28e29f2c03dcd84c,2017,12,222,1543
2a2ab41f8f6ff1cb,2016,1,29,3278
2a2ab41f8f6ff1cb,2016,2,15,341
2a2ab41f8f6ff1cb,2016,3,24,5852
2a2ab41f8f6ff1cb,2016,4,37,4019
2a2ab41f8f6ff1cb,2016,5,54,3900
2a2ab41f8f6ff1cb,2016,6,126,6853
2a2ab41f8f6ff1cb,2016,7,200,4097
2a2ab41f8f6ff1cb,2016,8,168,4936
2a2ab41f8f6ff1cb,2016,9,110,2589
2a2ab41f8f6ff1cb,2016,10,77,4435
2a2ab41f8f6ff1cb,2016,11,142,4102
2a2ab41f8f6ff1cb,2016,12,231,1556
2a2ab41f8f6ff1cb,2017,1,159,2603
2a2ab41f8f6ff1cb,2017,2,247,2053
2a2ab41f8f6ff1cb,2017,3,289,1668
2a2ab41f8f6ff1cb,2017,4,221,4086
2a2ab41f8f6ff1cb,2017,5,251,2508
2a2ab41f8f6ff1cb,2017,6,255,1687
2a2ab41f8f6ff1cb,2017,7,218,4006
2a2ab41f8f6ff1cb,2017,8,461,3765
2a2ab41f8f6ff1cb,2017,9,482,2960
2a2ab41f8f6ff1cb,2017,10,428,3676
2a2ab41f8f6ff1cb,2017,11,252,1902
2a2ab41f8f6ff1cb,2017,12,212,3283
2d0d2c3403909fdb,2016,1,59,698
2d0d2c3403909fdb,2016,2,82,2257
2d0d2c3403909fdb,2016,3,144,472
2d0d2c3403909fdb,2016,4,167,1335
2d0d2c3403909fdb,2016,5,214,796
2d0d2c3403909fdb,2016,6,192,142
2d0d2c3403909fdb,2016,7,156,111
2d0d2c3403909fdb,2016,8,261,677
2d0d2c3403909fdb,2016,9,246,18148
2d0d2c3403909fdb,2016,10,248,2281
2d0d2c3403909fdb,2016,11,248,2921
2d0d2c3403909fdb,2016,12,447,596
2d0d2c3403909fdb,2017,1,430,173
2d0d2c3403909fdb,2017,2,643,4958
2d0d2c3403909fdb,2017,3,527,1193
2d0d2c3403909fdb,2017,4,419,2170
2d0d2c3403909fdb,2017,5,741,4198
2d0d2c3403909fdb,2017,6,923,8590
2d0d2c3403909fdb,2017,7,865,938
2d0d2c3403909fdb,2017,8,1084,265
2d0d2c3403909fdb,2017,9,992,119
2d0d2c3403909fdb,2017,10,867,706
2d0d2c3403909fdb,2017,11,694,2593
2d0d2c3403909fdb,2017,12,599,298
346393c2c6305fb1,2016,1,83,5664
346393c2c6305fb1,2016,2,69,147
346393c2c6305fb1,2016,3,110,1533
346393c2c6305fb1,2016,4,80,2958
346393c2c6305fb1,2016,5,142,4568
346393c2c6305fb1,2016,6,300,675
346393c2c6305fb1,2016,7,169,72
346393c2c6305fb1,2016,8,292,49
346393c2c6305fb1,2016,9,477,1569
346393c2c6305fb1,2016,10,112,55
346393c2c6305fb1,2016,11,89,15
346393c2c6305fb1,2016,12,114,24
346393c2c6305fb1,2017,1,86,695
346393c2c6305fb1,2017,2,59,30
346393c2c6305fb1,2017,3,80,28
346393c2c6305fb1,2017,4,54,219
346393c2c6305fb1,2017,5,65,21
346393c2c6305fb1,2017,6,71,25
346393c2c6305fb1,2017,7,86,335
346393c2c6305fb1,2017,8,197,289
346393c2c6305fb1,2017,9,109,199
346393c2c6305fb1,2017,10,127,293
346393c2c6305fb1,2017,11,99,52
346393c2c6305fb1,2017,12,90,255
37aa9169b575ef79,2016,1,90,1900
37aa9169b575ef79,2016,2,132,2093
37aa9169b575ef79,2016,3,233,1716
37aa9169b575ef79,2016,4,203,2721
37aa9169b575ef79,2016,5,198,3021
37aa9169b575ef79,2016,6,252,3803
37aa9169b575ef79,2016,7,251,3733
37aa9169b575ef79,2016,8,277,3573
37aa9169b575ef79,2016,9,199,2940
37aa9169b575ef79,2016,10,181,2967
37aa9169b575ef79,2016,11,252,7589
37aa9169b575ef79,2016,12,113,3899
37aa9169b575ef79,2017,1,126,972
37aa9169b575ef79,2017,2,210,2593
37aa9169b575ef79,2017,3,345,210
37aa9169b575ef79,2017,4,215,98
37aa9169b575ef79,2017,5,287,3567
37aa9169b575ef79,2017,6,251,1471
37aa9169b575ef79,2017,7,243,3128
37aa9169b575ef79,2017,8,409,4264
37aa9169b575ef79,2017,9,544,1014
37aa9169b575ef79,2017,10,457,1948
37aa9169b575ef79,2017,11,348,1392
37aa9169b575ef79,2017,12,336,1834
3c974920a76ac9c1,2016,1,11,106
3c974920a76ac9c1,2016,2,6,2255
3c974920a76ac9c1,2016,3,13,861
3c974920a76ac9c1,2016,4,16,105
3c974920a76ac9c1,2016,5,28,2107
3c974920a76ac9c1,2016,6,30,2957
3c974920a76ac9c1,2016,7,37,13106
3c974920a76ac9c1,2016,8,74,1100
3c974920a76ac9c1,2016,9,221,882
3c974920a76ac9c1,2016,10,216,2543
3c974920a76ac9c1,2016,11,150,1228
3c974920a76ac9c1,2016,12,117,2113
3c974920a76ac9c1,2017,1,158,1737
3c974920a76ac9c1,2017,2,187,1562
3c974920a76ac9c1,2017,3,186,993
3c974920a76ac9c1,2017,4,148,2259
3c974920a76ac9c1,2017,5,194,1623
3c974920a76ac9c1,2017,6,175,788
3c974920a76ac9c1,2017,7,149,414
3c974920a76ac9c1,2017,8,328,654
3c974920a76ac9c1,2017,9,252,1283
3c974920a76ac9c1,2017,10,214,292
3c974920a76ac9c1,2017,11,148,3142
3c974920a76ac9c1,2017,12,129,272
3d7554f1f56dd664,2016,1,43,3996
3d7554f1f56dd664,2016,2,31,2668
3d7554f1f56dd664,2016,3,35,1652
3d7554f1f56dd664,2016,4,55,5836
3d7554f1f56dd664,2016,5,76,2333
3d7554f1f56dd664,2016,6,108,3230
3d7554f1f56dd664,2016,7,133,6191
3d7554f1f56dd664,2016,8,151,4003
3d7554f1f56dd664,2016,9,198,4708
3d7554f1f56dd664,2016,10,187,5718
3d7554f1f56dd664,2016,11,404,2511
3d7554f1f56dd664,2016,12,613,3801
3d7554f1f56dd664,2017,1,513,3578
3d7554f1f56dd664,2017,2,714,3722
3d7554f1f56dd664,2017,3,614,2171
3d7554f1f56dd664,2017,4,596,6456
3d7554f1f56dd664,2017,5,801,1930
3d7554f1f56dd664,2017,6,1157,2628
3d7554f1f56dd664,2017,7,851,3419
3d7554f1f56dd664,2017,8,1284,3641
3d7554f1f56dd664,2017,9,1113,2587
3d7554f1f56dd664,2017,10,1070,1858
3d7554f1f56dd664,2017,11,961,1597
3d7554f1f56dd664,2017,12,748,1920
3e21824be728cbec,2016,1,79,1763
3e21824be728cbec,2016,2,69,799
3e21824be728cbec,2016,3,110,2245
3e21824be728cbec,2016,4,119,2892
3e21824be728cbec,2016,5,166,767
3e21824be728cbec,2016,6,189,4896
3e21824be728cbec,2016,7,236,2023
3e21824be728cbec,2016,8,265,5675
3e21824be728cbec,2016,9,302,1394
3e21824be728cbec,2016,10,271,1018
3e21824be728cbec,2016,11,461,1027
3e21824be728cbec,2016,12,408,570
3e21824be728cbec,2017,1,410,1812
3e21824be728cbec,2017,2,432,416
3e21824be728cbec,2017,3,521,1485
3e21824be728cbec,2017,4,489,2628
3e21824be728cbec,2017,5,609,2803
3e21824be728cbec,2017,6,538,3971
3e21824be728cbec,2017,7,712,933
3e21824be728cbec,2017,8,922,228
3e21824be728cbec,2017,9,877,977
3e21824be728cbec,2017,10,848,702
3e21824be728cbec,2017,11,663,1574
3e21824be728cbec,2017,12,631,407
4a103c30d593fbbe,2016,1,324,3116
4a103c30d593fbbe,2016,2,307,868
4a103c30d593fbbe,2016,3,536,2640
4a103c30d593fbbe,2016,4,387,3192
4a103c30d593fbbe,2016,5,370,7637
4a103c30d593fbbe,2016,6,464,4314
4a103c30d593fbbe,2016,7,444,6210
4a103c30d593fbbe,2016,8,868,2731
4a103c30d593fbbe,2016,9,825,4489
4a103c30d593fbbe,2016,10,1286,3498
4a103c30d593fbbe,2016,11,1181,4226
4a103c30d593fbbe,2016,12,1101,2452
4a103c30d593fbbe,2017,1,630,2078
4a103c30d593fbbe,2017,2,772,1876
4a103c30d593fbbe,2017,3,956,4979
4a103c30d593fbbe,2017,4,736,1600
4a103c30d593fbbe,2017,5,823,1503
4a103c30d593fbbe,2017,6,705,2413
4a103c30d593fbbe,2017,7,725,4807
4a103c30d593fbbe,2017,8,1513,2341
4a103c30d593fbbe,2017,9,2232,974
4a103c30d593fbbe,2017,10,1470,2649
4a103c30d593fbbe,2017,11,1878,1440
4a103c30d593fbbe,2017,12,1172,4749
4f79773e600518a6,2016,1,30,4
4f79773e600518a6,2016,2,54,4
4f79773e600518a6,2016,3,76,303
4f79773e600518a6,2016,4,39,22
4f79773e600518a6,2016,5,52,20
4f79773e600518a6,2016,6,48,492
4f79773e600518a6,2016,7,65,11
4f79773e600518a6,2016,8,186,11
4f79773e600518a6,2016,9,83,487
4f79773e600518a6,2016,10,205,36
4f79773e600518a6,2016,11,226,24
4f79773e600518a6,2016,12,51,5
4f79773e600518a6,2017,1,38,22
4f79773e600518a6,2017,2,40,16
4f79773e600518a6,2017,3,26,10
4f79773e600518a6,2017,4,32,3
4f79773e600518a6,2017,5,35,1
4f79773e600518a6,2017,6,34,3
4f79773e600518a6,2017,7,26,2
4f79773e600518a6,2017,8,17,2
4f79773e600518a6,2017,9,39,5
4f79773e600518a6,2017,10,32,1
4f79773e600518a6,2017,11,39,2896
4f79773e600518a6,2017,12,19,682
54fc07138d70374c,2016,1,24,473
54fc07138d70374c,2016,2,10,70
54fc07138d70374c,2016,3,17,74
54fc07138d70374c,2016,4,22,3595
54fc07138d70374c,2016,5,24,8159
54fc07138d70374c,2016,6,51,491
54fc07138d70374c,2016,7,33,3212
54fc07138d70374c,2016,8,46,250
54fc07138d70374c,2016,9,80,1317
54fc07138d70374c,2016,10,69,2264
54fc07138d70374c,2016,11,44,2802
54fc07138d70374c,2016,12,132,890
54fc07138d70374c,2017,1,77,438
54fc07138d70374c,2017,2,90,4988
54fc07138d70374c,2017,3,127,2566
54fc07138d70374c,2017,4,134,1463
54fc07138d70374c,2017,5,217,1923
54fc07138d70374c,2017,6,192,469
54fc07138d70374c,2017,7,159,642
54fc07138d70374c,2017,8,267,1314
54fc07138d70374c,2017,9,223,1024
54fc07138d70374c,2017,10,224,2271
54fc07138d70374c,2017,11,199,2541
54fc07138d70374c,2017,12,344,1814
5b1c11c3efed5312,2016,1,35,283
5b1c11c3efed5312,2016,2,20,40
5b1c11c3efed5312,2016,3,41,168
5b1c11c3efed5312,2016,4,24,742
5b1c11c3efed5312,2016,5,37,78
5b1c11c3efed5312,2016,6,61,27
5b1c11c3efed5312,2016,7,89,766
5b1c11c3efed5312,2016,8,42,40
5b1c11c3efed5312,2016,9,61,2288
5b1c11c3efed5312,2016,10,62,1707
5b1c11c3efed5312,2016,11,47,1174
5b1c11c3efed5312,2016,12,38,23
5b1c11c3efed5312,2017,1,36,26
5b1c11c3efed5312,2017,2,30,28
5b1c11c3efed5312,2017,3,19,32
5b1c11c3efed5312,2017,4,56,8
5b1c11c3efed5312,2017,5,35,392
5b1c11c3efed5312,2017,6,28,403
5b1c11c3efed5312,2017,7,21,783
5b1c11c3efed5312,2017,8,33,4616
5b1c11c3efed5312,2017,9,57,440
5b1c11c3efed5312,2017,10,61,30
5b1c11c3efed5312,2017,11,66,131
5b1c11c3efed5312,2017,12,53,17
5d7fb682edd0f937,2016,1,72,10
5d7fb682edd0f937,2016,2,87,8
5d7fb682edd0f937,2016,3,77,3
5d7fb682edd0f937,2016,4,129,4
5d7fb682edd0f937,2016,5,101,11
5d7fb682edd0f937,2016,6,154,0
5d7fb682edd0f937,2016,7,171,0
5d7fb682edd0f937,2016,8,248,0
5d7fb682edd0f937,2016,9,235,748
5d7fb682edd0f937,2016,10,77,1672
5d7fb682edd0f937,2016,11,221,1155
5d7fb682edd0f937,2016,12,135,124
5d7fb682edd0f937,2017,1,90,707
5d7fb682edd0f937,2017,2,76,21
5d7fb682edd0f937,2017,3,88,478
5d7fb682edd0f937,2017,4,97,1224
5d7fb682edd0f937,2017,5,292,87
5d7fb682edd0f937,2017,6,199,69
5d7fb682edd0f937,2017,7,147,58
5d7fb682edd0f937,2017,8,194,22
5d7fb682edd0f937,2017,9,140,2
5d7fb682edd0f937,2017,10,104,5
5d7fb682edd0f937,2017,11,58,701
5d7fb682edd0f937,2017,12,62,875
6155b214590c66e6,2016,1,12,3219
6155b214590c66e6,2016,2,7,3888
6155b214590c66e6,2016,3,32,7684
6155b214590c66e6,2016,4,43,4471
6155b214590c66e6,2016,5,68,2413
6155b214590c66e6,2016,6,86,7946
6155b214590c66e6,2016,7,76,4380
6155b214590c66e6,2016,8,121,9133
6155b214590c66e6,2016,9,133,5786
6155b214590c66e6,2016,10,139,7151
6155b214590c66e6,2016,11,163,8885
6155b214590c66e6,2016,12,165,3283
6155b214590c66e6,2017,1,136,3337
6155b214590c66e6,2017,2,215,9839
6155b214590c66e6,2017,3,277,4686
6155b214590c66e6,2017,4,273,14073
6155b214590c66e6,2017,5,809,3040
6155b214590c66e6,2017,6,842,3429
6155b214590c66e6,2017,7,827,4849
6155b214590c66e6,2017,8,891,5774
6155b214590c66e6,2017,9,1014,2317
6155b214590c66e6,2017,10,796,8807
6155b214590c66e6,2017,11,677,15562
6155b214590c66e6,2017,12,647,4899
61e73e32ad101892,2016,1,72,3255
61e73e32ad101892,2016,2,78,2493
61e73e32ad101892,2016,3,146,1917
61e73e32ad101892,2016,4,90,1103
61e73e32ad101892,2016,5,82,2737
61e73e32ad101892,2016,6,103,1792
61e73e32ad101892,2016,7,135,2411
61e73e32ad101892,2016,8,242,1502
61e73e32ad101892,2016,9,206,1256
61e73e32ad101892,2016,10,249,70
61e73e32ad101892,2016,11,207,961
61e73e32ad101892,2016,12,119,2767
61e73e32ad101892,2017,1,286,1932
61e73e32ad101892,2017,2,289,550
61e73e32ad101892,2017,3,224,3250
61e73e32ad101892,2017,4,208,3120
61e73e32ad101892,2017,5,455,2049
61e73e32ad101892,2017,6,228,386
61e73e32ad101892,2017,7,250,1865
61e73e32ad101892,2017,8,548,1679
61e73e32ad101892,2017,9,551,1498
61e73e32ad101892,2017,10,631,270
61e73e32ad101892,2017,11,291,2571
61e73e32ad101892,2017,12,184,222
63065128401bb3ff,2016,1,11,3702
63065128401bb3ff,2016,2,17,4739
63065128401bb3ff,2016,3,38,2704
63065128401bb3ff,2016,4,39,1732
63065128401bb3ff,2016,5,80,4434
63065128401bb3ff,2016,6,61,1069
63065128401bb3ff,2016,7,107,3426
63065128401bb3ff,2016,8,88,2419
63065128401bb3ff,2016,9,98,2103
63065128401bb3ff,2016,10,94,2615
63065128401bb3ff,2016,11,111,2333
63065128401bb3ff,2016,12,132,2231
63065128401bb3ff,2017,1,87,2598
63065128401bb3ff,2017,2,112,4229
63065128401bb3ff,2017,3,225,1847
63065128401bb3ff,2017,4,137,1492
63065128401bb3ff,2017,5,224,1473
63065128401bb3ff,2017,6,232,1333
63065128401bb3ff,2017,7,230,3040
63065128401bb3ff,2017,8,432,3569
63065128401bb3ff,2017,9,466,3773
63065128401bb3ff,2017,10,337,1928
63065128401bb3ff,2017,11,333,1743
63065128401bb3ff,2017,12,355,4014
6858d6dfe680bdf7,2016,1,92,2372
6858d6dfe680bdf7,2016,2,86,4351
6858d6dfe680bdf7,2016,3,165,1688
6858d6dfe680bdf7,2016,4,204,946
6858d6dfe680bdf7,2016,5,276,2316
6858d6dfe680bdf7,2016,6,316,1501
6858d6dfe680bdf7,2016,7,265,1446
6858d6dfe680bdf7,2016,8,306,4380
6858d6dfe680bdf7,2016,9,483,10808
6858d6dfe680bdf7,2016,10,477,4152
6858d6dfe680bdf7,2016,11,600,2292
6858d6dfe680bdf7,2016,12,881,4157
6858d6dfe680bdf7,2017,1,824,186
6858d6dfe680bdf7,2017,2,1078,3703
6858d6dfe680bdf7,2017,3,1624,681
6858d6dfe680bdf7,2017,4,1224,653
6858d6dfe680bdf7,2017,5,1662,2310
6858d6dfe680bdf7,2017,6,1711,195
6858d6dfe680bdf7,2017,7,1747,5046
6858d6dfe680bdf7,2017,8,2361,4172
6858d6dfe680bdf7,2017,9,2779,6639
6858d6dfe680bdf7,2017,10,2834,527
6858d6dfe680bdf7,2017,11,2556,146
6858d6dfe680bdf7,2017,12,2191,715
7023efdab9cedc03,2016,1,12,54
7023efdab9cedc03,2016,2,11,53
7023efdab9cedc03,2016,3,13,23
7023efdab9cedc03,2016,4,33,258
7023efdab9cedc03,2016,5,55,748
7023efdab9cedc03,2016,6,55,43
7023efdab9cedc03,2016,7,53,24
7023efdab9cedc03,2016,8,53,369
7023efdab9cedc03,2016,9,92,55
7023efdab9cedc03,2016,10,87,13
7023efdab9cedc03,2016,11,80,18
7023efdab9cedc03,2016,12,170,2681
7023efdab9cedc03,2017,1,160,1413
7023efdab9cedc03,2017,2,233,1522
7023efdab9cedc03,2017,3,257,173
7023efdab9cedc03,2017,4,157,7515
7023efdab9cedc03,2017,5,173,5946
7023efdab9cedc03,2017,6,225,10360
7023efdab9cedc03,2017,7,221,11764
7023efdab9cedc03,2017,8,480,3125
7023efdab9cedc03,2017,9,542,4276
7023efdab9cedc03,2017,10,553,3051
7023efdab9cedc03,2017,11,451,1710
7023efdab9cedc03,2017,12,332,3924
7245e0ee27b195cd,2016,1,96,1699
7245e0ee27b195cd,2016,2,58,155
7245e0ee27b195cd,2016,3,495,1972
7245e0ee27b195cd,2016,4,390,116
7245e0ee27b195cd,2016,5,440,42
7245e0ee27b195cd,2016,6,367,24
7245e0ee27b195cd,2016,7,265,17
7245e0ee27b195cd,2016,8,401,19
7245e0ee27b195cd,2016,9,315,765
7245e0ee27b195cd,2016,10,274,1697
7245e0ee27b195cd,2016,11,357,3025
7245e0ee27b195cd,2016,12,418,58
7245e0ee27b195cd,2017,1,261,39
7245e0ee27b195cd,2017,2,253,28
7245e0ee27b195cd,2017,3,376,37
7245e0ee27b195cd,2017,4,279,11
7245e0ee27b195cd,2017,5,283,681
7245e0ee27b195cd,2017,6,174,1559
7245e0ee27b195cd,2017,7,224,1717
7245e0ee27b195cd,2017,8,278,251
7245e0ee27b195cd,2017,9,385,3547
7245e0ee27b195cd,2017,10,386,3992
7245e0ee27b195cd,2017,11,595,2078
7245e0ee27b195cd,2017,12,528,173
79de4e4b24c35b04,2016,1,95,3476
79de4e4b24c35b04,2016,2,84,2045
79de4e4b24c35b04,2016,3,120,3704
79de4e4b24c35b04,2016,4,119,2272
79de4e4b24c35b04,2016,5,146,2709
79de4e4b24c35b04,2016,6,119,2707
79de4e4b24c35b04,2016,7,202,6137
79de4e4b24c35b04,2016,8,419,6939
79de4e4b24c35b04,2016,9,167,1994
79de4e4b24c35b04,2016,10,167,1262
79de4e4b24c35b04,2016,11,186,986
79de4e4b24c35b04,2016,12,235,1863
79de4e4b24c35b04,2017,1,176,5664
79de4e4b24c35b04,2017,2,366,3309
79de4e4b24c35b04,2017,3,587,1947
79de4e4b24c35b04,2017,4,255,3021
79de4e4b24c35b04,2017,5,319,1510
79de4e4b24c35b04,2017,6,258,2768
79de4e4b24c35b04,2017,7,148,4037
79de4e4b24c35b04,2017,8,253,1513
79de4e4b24c35b04,2017,9,224,960
79de4e4b24c35b04,2017,10,166,2150
79de4e4b24c35b04,2017,11,106,4080
79de4e4b24c35b04,2017,12,146,2297
7a7885e2d7c00bcf,2016,1,322,689
7a7885e2d7c00bcf,2016,2,275,335
7a7885e2d7c00bcf,2016,3,370,3425
7a7885e2d7c00bcf,2016,4,385,766
7a7885e2d7c00bcf,2016,5,412,1588
7a7885e2d7c00bcf,2016,6,446,692
7a7885e2d7c00bcf,2016,7,515,1326
7a7885e2d7c00bcf,2016,8,963,2836
7a7885e2d7c00bcf,2016,9,399,373
7a7885e2d7c00bcf,2016,10,286,119
7a7885e2d7c00bcf,2016,11,389,1877
7a7885e2d7c00bcf,2016,12,767,1644
7a7885e2d7c00bcf,2017,1,276,621
7a7885e2d7c00bcf,2017,2,552,894
7a7885e2d7c00bcf,2017,3,982,1518
7a7885e2d7c00bcf,2017,4,317,843
7a7885e2d7c00bcf,2017,5,704,2957
7a7885e2d7c00bcf,2017,6,333,1679
7a7885e2d7c00bcf,2017,7,411,2063
7a7885e2d7c00bcf,2017,8,1038,2372
7a7885e2d7c00bcf,2017,9,1205,2564
7a7885e2d7c00bcf,2017,10,670,3841
7a7885e2d7c00bcf,2017,11,530,3789
7a7885e2d7c00bcf,2017,12,560,65
7aab7fca2470987e,2016,1,6,2791
7aab7fca2470987e,2016,2,4,1884
7aab7fca2470987e,2016,3,5,343
7aab7fca2470987e,2016,4,9,172
7aab7fca2470987e,2016,5,13,149
7aab7fca2470987e,2016,6,12,45
7aab7fca2470987e,2016,7,17,1142
7aab7fca2470987e,2016,8,15,50
7aab7fca2470987e,2016,9,19,30
7aab7fca2470987e,2016,10,24,1959
7aab7fca2470987e,2016,11,10,1935
7aab7fca2470987e,2016,12,46,397
7aab7fca2470987e,2017,1,24,51
7aab7fca2470987e,2017,2,22,610
7aab7fca2470987e,2017,3,64,579
7aab7fca2470987e,2017,4,29,72
7aab7fca2470987e,2017,5,40,2246
7aab7fca2470987e,2017,6,31,208
7aab7fca2470987e,2017,7,53,64
7aab7fca2470987e,2017,8,63,77
7aab7fca2470987e,2017,9,59,1584
7aab7fca2470987e,2017,10,53,44
7aab7fca2470987e,2017,11,46,202
7aab7fca2470987e,2017,12,40,46
7cf283430b3b5e38,2016,1,270,3705
7cf283430b3b5e38,2016,2,249,2995
7cf283430b3b5e38,2016,3,410,3602
7cf283430b3b5e38,2016,4,819,1991
7cf283430b3b5e38,2016,5,960,3109
7cf283430b3b5e38,2016,6,680,2294
7cf283430b3b5e38,2016,7,1240,2638
7cf283430b3b5e38,2016,8,1199,2128
7cf283430b3b5e38,2016,9,614,2021
7cf283430b3b5e38,2016,10,698,1317
7cf283430b3b5e38,2016,11,715,1892
7cf283430b3b5e38,2016,12,408,2320
7cf283430b3b5e38,2017,1,389,1197
7cf283430b3b5e38,2017,2,590,3974
7cf283430b3b5e38,2017,3,1050,1939
7cf283430b3b5e38,2017,4,795,1497
7cf283430b3b5e38,2017,5,1056,2867
7cf283430b3b5e38,2017,6,1181,2898
7cf283430b3b5e38,2017,7,1173,5184
7cf283430b3b5e38,2017,8,2144,5791
7cf283430b3b5e38,2017,9,1643,2807
7cf283430b3b5e38,2017,10,1127,4467
7cf283430b3b5e38,2017,11,1161,3581
7cf283430b3b5e38,2017,12,946,2259
8c915fe4632fb9fa,2016,1,3,4429
8c915fe4632fb9fa,2016,2,7,898
8c915fe4632fb9fa,2016,3,10,304
8c915fe4632fb9fa,2016,4,21,1541
8c915fe4632fb9fa,2016,5,20,1071
8c915fe4632fb9fa,2016,6,29,85
8c915fe4632fb9fa,2016,7,60,2402
8c915fe4632fb9fa,2016,8,81,7448
8c915fe4632fb9fa,2016,9,193,7141
8c915fe4632fb9fa,2016,10,141,3479
8c915fe4632fb9fa,2016,11,143,2179
8c915fe4632fb9fa,2016,12,154,2116
8c915fe4632fb9fa,2017,1,113,2752
8c915fe4632fb9fa,2017,2,142,2770
8c915fe4632fb9fa,2017,3,151,1844
8c915fe4632fb9fa,2017,4,138,1719
8c915fe4632fb9fa,2017,5,146,1489
8c915fe4632fb9fa,2017,6,151,2041
8c915fe4632fb9fa,2017,7,266,1609
8c915fe4632fb9fa,2017,8,263,116
8c915fe4632fb9fa,2017,9,249,37
8c915fe4632fb9fa,2017,10,169,1257
8c915fe4632fb9fa,2017,11,126,125
8c915fe4632fb9fa,2017,12,98,1274
936168bd4850913d,2016,1,7,67
936168bd4850913d,2016,2,7,2272
936168bd4850913d,2016,3,19,1836
936168bd4850913d,2016,4,20,1665
936168bd4850913d,2016,5,44,4305
936168bd4850913d,2016,6,50,2324
936168bd4850913d,2016,7,37,3436
936168bd4850913d,2016,8,52,1613
936168bd4850913d,2016,9,61,1948
936168bd4850913d,2016,10,75,5568
936168bd4850913d,2016,11,96,1316
936168bd4850913d,2016,12,89,1970
936168bd4850913d,2017,1,73,811
936168bd4850913d,2017,2,103,1296
936168bd4850913d,2017,3,131,4089
936168bd4850913d,2017,4,120,7945
936168bd4850913d,2017,5,135,5357
936168bd4850913d,2017,6,131,4565
936168bd4850913d,2017,7,586,13548
936168bd4850913d,2017,8,1355,5520
936168bd4850913d,2017,9,1838,4167
936168bd4850913d,2017,10,1643,7162
936168bd4850913d,2017,11,895,3050
936168bd4850913d,2017,12,725,1363
97f15de12cfabbd5,2016,1,16,4095
97f15de12cfabbd5,2016,2,8,5169
97f15de12cfabbd5,2016,3,39,9449
97f15de12cfabbd5,2016,4,115,3007
97f15de12cfabbd5,2016,5,241,298
97f15de12cfabbd5,2016,6,180,171
97f15de12cfabbd5,2016,7,244,3917
97f15de12cfabbd5,2016,8,267,2930
97f15de12cfabbd5,2016,9,307,5200
97f15de12cfabbd5,2016,10,252,2179
97f15de12cfabbd5,2016,11,249,721
97f15de12cfabbd5,2016,12,286,3864
97f15de12cfabbd5,2017,1,238,711
97f15de12cfabbd5,2017,2,393,3405
97f15de12cfabbd5,2017,3,339,1493
97f15de12cfabbd5,2017,4,335,1324
97f15de12cfabbd5,2017,5,349,2357
97f15de12cfabbd5,2017,6,277,1134
97f15de12cfabbd5,2017,7,621,1601
97f15de12cfabbd5,2017,8,640,2697
97f15de12cfabbd5,2017,9,644,480
97f15de12cfabbd5,2017,10,575,1454
97f15de12cfabbd5,2017,11,302,483
97f15de12cfabbd5,2017,12,304,2425
9c1c7ee8ebdda299,2016,1,51,2613
9c1c7ee8ebdda299,2016,2,39,846
9c1c7ee8ebdda299,2016,3,58,718
9c1c7ee8ebdda299,2016,4,51,539
9c1c7ee8ebdda299,2016,5,54,588
9c1c7ee8ebdda299,2016,6,51,71
9c1c7ee8ebdda299,2016,7,53,58
9c1c7ee8ebdda299,2016,8,162,56
9c1c7ee8ebdda299,2016,9,47,51
9c1c7ee8ebdda299,2016,10,45,47
9c1c7ee8ebdda299,2016,11,33,36
9c1c7ee8ebdda299,2016,12,103,9
9c1c7ee8ebdda299,2017,1,41,29
9c1c7ee8ebdda299,2017,2,29,4140
9c1c7ee8ebdda299,2017,3,57,3510
9c1c7ee8ebdda299,2017,4,46,315
9c1c7ee8ebdda299,2017,5,21,25
9c1c7ee8ebdda299,2017,6,11,2056
9c1c7ee8ebdda299,2017,7,18,2071
9c1c7ee8ebdda299,2017,8,23,5435
9c1c7ee8ebdda299,2017,9,30,3508
9c1c7ee8ebdda299,2017,10,166,1896
9c1c7ee8ebdda299,2017,11,115,90
9c1c7ee8ebdda299,2017,12,87,14
a207df29ec9583f0,2016,1,134,2148
a207df29ec9583f0,2016,2,158,2013
a207df29ec9583f0,2016,3,227,330
a207df29ec9583f0,2016,4,199,656
a207df29ec9583f0,2016,5,175,2384
a207df29ec9583f0,2016,6,256,159
a207df29ec9583f0,2016,7,141,481
a207df29ec9583f0,2016,8,105,3805
a207df29ec9583f0,2016,9,93,1471
a207df29ec9583f0,2016,10,81,2749
a207df29ec9583f0,2016,11,87,1239
a207df29ec9583f0,2016,12,221,920
a207df29ec9583f0,2017,1,162,184
a207df29ec9583f0,2017,2,267,895
a207df29ec9583f0,2017,3,210,787
a207df29ec9583f0,2017,4,100,147
a207df29ec9583f0,2017,5,117,139
a207df29ec9583f0,2017,6,97,1197
a207df29ec9583f0,2017,7,106,648
a207df29ec9583f0,2017,8,216,598
a207df29ec9583f0,2017,9,258,108
a207df29ec9583f0,2017,10,256,717
a207df29ec9583f0,2017,11,120,4145
a207df29ec9583f0,2017,12,177,877
a28bb927b6fcb33c,2016,1,219,117
a28bb927b6fcb33c,2016,2,223,2640
a28bb927b6fcb33c,2016,3,254,227
a28bb927b6fcb33c,2016,4,256,331
a28bb927b6fcb33c,2016,5,246,110
a28bb927b6fcb33c,2016,6,295,396
a28bb927b6fcb33c,2016,7,349,2144
a28bb927b6fcb33c,2016,8,197,344
a28bb927b6fcb33c,2016,9,244,57
a28bb927b6fcb33c,2016,10,171,1105
a28bb927b6fcb33c,2016,11,251,1640
a28bb927b6fcb33c,2016,12,274,298
a28bb927b6fcb33c,2017,1,121,831
a28bb927b6fcb33c,2017,2,256,5702
a28bb927b6fcb33c,2017,3,362,4887
a28bb927b6fcb33c,2017,4,299,4267
a28bb927b6fcb33c,2017,5,392,1673
a28bb927b6fcb33c,2017,6,443,150
a28bb927b6fcb33c,2017,7,601,36
a28bb927b6fcb33c,2017,8,807,2240
a28bb927b6fcb33c,2017,9,989,116
a28bb927b6fcb33c,2017,10,663,83
a28bb927b6fcb33c,2017,11,479,2280
a28bb927b6fcb33c,2017,12,441,265
a432c483b5beb856,2016,1,184,104
a432c483b5beb856,2016,2,103,1380
a432c483b5beb856,2016,3,195,146
a432c483b5beb856,2016,4,141,681
a432c483b5beb856,2016,5,138,41
a432c483b5beb856,2016,6,114,199
a432c483b5beb856,2016,7,134,31
a432c483b5beb856,2016,8,137,24
a432c483b5beb856,2016,9,138,575
a432c483b5beb856,2016,10,139,1478
a432c483b5beb856,2016,11,113,353
a432c483b5beb856,2016,12,156,219
a432c483b5beb856,2017,1,111,53
a432c483b5beb856,2017,2,104,4142
a432c483b5beb856,2017,3,81,3860
a432c483b5beb856,2017,4,105,322
a432c483b5beb856,2017,5,112,41
a432c483b5beb856,2017,6,117,643
a432c483b5beb856,2017,7,76,234
a432c483b5beb856,2017,8,187,256
a432c483b5beb856,2017,9,136,141
a432c483b5beb856,2017,10,138,36
a432c483b5beb856,2017,11,68,786
a432c483b5beb856,2017,12,127,205
a9a43d1a7ecbe75d,2016,1,108,1923
a9a43d1a7ecbe75d,2016,2,126,1169
a9a43d1a7ecbe75d,2016,3,117,455
a9a43d1a7ecbe75d,2016,4,111,145
a9a43d1a7ecbe75d,2016,5,163,99
a9a43d1a7ecbe75d,2016,6,224,523
a9a43d1a7ecbe75d,2016,7,329,1849
a9a43d1a7ecbe75d,2016,8,153,345
a9a43d1a7ecbe75d,2016,9,124,306
a9a43d1a7ecbe75d,2016,10,114,954
a9a43d1a7ecbe75d,2016,11,80,201
a9a43d1a7ecbe75d,2016,12,82,954
a9a43d1a7ecbe75d,2017,1,245,4059
a9a43d1a7ecbe75d,2017,2,246,1057
a9a43d1a7ecbe75d,2017,3,325,519
a9a43d1a7ecbe75d,2017,4,161,1414
a9a43d1a7ecbe75d,2017,5,113,2551
a9a43d1a7ecbe75d,2017,6,228,1414
a9a43d1a7ecbe75d,2017,7,139,1158
a9a43d1a7ecbe75d,2017,8,252,2826
a9a43d1a7ecbe75d,2017,9,349,8771
a9a43d1a7ecbe75d,2017,10,922,2619
a9a43d1a7ecbe75d,2017,11,439,2695
a9a43d1a7ecbe75d,2017,12,339,377
af6f4f548684e14d,2016,1,152,3963
af6f4f548684e14d,2016,2,147,1120
af6f4f548684e14d,2016,3,225,2553
af6f4f548684e14d,2016,4,219,3424
af6f4f548684e14d,2016,5,169,2964
af6f4f548684e14d,2016,6,321,1411
af6f4f548684e14d,2016,7,128,5542
af6f4f548684e14d,2016,8,342,3122
af6f4f548684e14d,2016,9,395,4146
af6f4f548684e14d,2016,10,453,2752
af6f4f548684e14d,2016,11,289,5804
af6f4f548684e14d,2016,12,233,4842
af6f4f548684e14d,2017,1,230,5142
af6f4f548684e14d,2017,2,245,6204
af6f4f548684e14d,2017,3,486,3603
af6f4f548684e14d,2017,4,419,1533
af6f4f548684e14d,2017,5,371,1906
af6f4f548684e14d,2017,6,207,8820
af6f4f548684e14d,2017,7,328,12935
af6f4f548684e14d,2017,8,435,2334
af6f4f548684e14d,2017,9,491,4308
af6f4f548684e14d,2017,10,432,4623
af6f4f548684e14d,2017,11,461,10056
af6f4f548684e14d,2017,12,453,2087
b25c4e2e3856af22,2016,1,70,1177
b25c4e2e3856af22,2016,2,83,1591
b25c4e2e3856af22,2016,3,137,3885
b25c4e2e3856af22,2016,4,130,1984
b25c4e2e3856af22,2016,5,170,2388
b25c4e2e3856af22,2016,6,112,1826
b25c4e2e3856af22,2016,7,115,6593
b25c4e2e3856af22,2016,8,145,6371
b25c4e2e3856af22,2016,9,153,4558
b25c4e2e3856af22,2016,10,135,4170
b25c4e2e3856af22,2016,11,308,5219
b25c4e2e3856af22,2016,12,214,14416
b25c4e2e3856af22,2017,1,325,12246
b25c4e2e3856af22,2017,2,868,7564
b25c4e2e3856af22,2017,3,1085,9965
b25c4e2e3856af22,2017,4,1374,3909
b25c4e2e3856af22,2017,5,1122,1641
b25c4e2e3856af22,2017,6,893,9991
b25c4e2e3856af22,2017,7,773,10849
b25c4e2e3856af22,2017,8,1159,6051
b25c4e2e3856af22,2017,9,839,736
b25c4e2e3856af22,2017,10,909,4008
b25c4e2e3856af22,2017,11,761,3168
b25c4e2e3856af22,2017,12,459,3624
b4be3a4917289c82,2016,1,10,10
b4be3a4917289c82,2016,2,6,15
b4be3a4917289c82,2016,3,11,15
b4be3a4917289c82,2016,4,18,1007
b4be3a4917289c82,2016,5,29,96
b4be3a4917289c82,2016,6,43,28
b4be3a4917289c82,2016,7,27,393
b4be3a4917289c82,2016,8,42,1204
b4be3a4917289c82,2016,9,72,861
b4be3a4917289c82,2016,10,40,2167
b4be3a4917289c82,2016,11,66,4104
b4be3a4917289c82,2016,12,76,125
b4be3a4917289c82,2017,1,55,1639
b4be3a4917289c82,2017,2,115,1562
b4be3a4917289c82,2017,3,132,1808
b4be3a4917289c82,2017,4,157,4281
b4be3a4917289c82,2017,5,251,1681
b4be3a4917289c82,2017,6,226,700
b4be3a4917289c82,2017,7,255,192
b4be3a4917289c82,2017,8,428,101
b4be3a4917289c82,2017,9,363,4095
b4be3a4917289c82,2017,10,354,921
b4be3a4917289c82,2017,11,221,103
b4be3a4917289c82,2017,12,201,34
bb9fbec9a2833839,2016,1,4,920
bb9fbec9a2833839,2016,2,6,111
bb9fbec9a2833839,2016,3,14,138
bb9fbec9a2833839,2016,4,7,5288
bb9fbec9a2833839,2016,5,12,424
bb9fbec9a2833839,2016,6,28,1904
bb9fbec9a2833839,2016,7,21,445
bb9fbec9a2833839,2016,8,21,2392
bb9fbec9a2833839,2016,9,15,876
bb9fbec9a2833839,2016,10,22,1780
bb9fbec9a2833839,2016,11,18,3391
bb9fbec9a2833839,2016,12,16,111
bb9fbec9a2833839,2017,1,39,978
bb9fbec9a2833839,2017,2,49,84
bb9fbec9a2833839,2017,3,28,68
bb9fbec9a2833839,2017,4,40,1552
bb9fbec9a2833839,2017,5,35,60
bb9fbec9a2833839,2017,6,37,35
bb9fbec9a2833839,2017,7,63,98
bb9fbec9a2833839,2017,8,95,172
bb9fbec9a2833839,2017,9,99,28
bb9fbec9a2833839,2017,10,102,22
bb9fbec9a2833839,2017,11,54,559
bb9fbec9a2833839,2017,12,46,612
c06a2a387c0ee510,2016,1,2,1508
c06a2a387c0ee510,2016,2,9,884
c06a2a387c0ee510,2016,3,2,301
c06a2a387c0ee510,2016,4,2,161
c06a2a387c0ee510,2016,5,10,4181
c06a2a387c0ee510,2016,6,9,1395
c06a2a387c0ee510,2016,7,6,2828
c06a2a387c0ee510,2016,8,11,3153
c06a2a387c0ee510,2016,9,23,2301
c06a2a387c0ee510,2016,10,16,9045
c06a2a387c0ee510,2016,11,17,5952
c06a2a387c0ee510,2016,12,16,4493
c06a2a387c0ee510,2017,1,15,2898
c06a2a387c0ee510,2017,2,21,4580
c06a2a387c0ee510,2017,3,29,2581
c06a2a387c0ee510,2017,4,35,1962
c06a2a387c0ee510,2017,5,46,2434
c06a2a387c0ee510,2017,6,46,2617
c06a2a387c0ee510,2017,7,32,4378
c06a2a387c0ee510,2017,8,45,1806
c06a2a387c0ee510,2017,9,50,2025
c06a2a387c0ee510,2017,10,50,3702
c06a2a387c0ee510,2017,11,50,1077
c06a2a387c0ee510,2017,12,36,1105
c6833cb891626c17,2016,1,95,719
c6833cb891626c17,2016,2,92,1704
c6833cb891626c17,2016,3,133,1603
c6833cb891626c17,2016,4,122,1708
c6833cb891626c17,2016,5,135,131
c6833cb891626c17,2016,6,142,1695
c6833cb891626c17,2016,7,170,2504
c6833cb891626c17,2016,8,300,57
c6833cb891626c17,2016,9,169,1575
c6833cb891626c17,2016,10,358,2104
c6833cb891626c17,2016,11,225,57
c6833cb891626c17,2016,12,206,1446
c6833cb891626c17,2017,1,60,1600
c6833cb891626c17,2017,2,90,997
c6833cb891626c17,2017,3,97,2690
c6833cb891626c17,2017,4,74,88
c6833cb891626c17,2017,5,60,45
c6833cb891626c17,2017,6,185,45
c6833cb891626c17,2017,7,223,25
c6833cb891626c17,2017,8,328,98
c6833cb891626c17,2017,9,280,599
c6833cb891626c17,2017,10,240,1895
c6833cb891626c17,2017,11,177,754
c6833cb891626c17,2017,12,118,156
c6cd4e0e073f5ac2,2016,1,25,3681
c6cd4e0e073f5ac2,2016,2,22,142
c6cd4e0e073f5ac2,2016,3,44,1532
c6cd4e0e073f5ac2,2016,4,35,433
c6cd4e0e073f5ac2,2016,5,56,2306
c6cd4e0e073f5ac2,2016,6,84,3149
c6cd4e0e073f5ac2,2016,7,94,12828
c6cd4e0e073f5ac2,2016,8,193,4948
c6cd4e0e073f5ac2,2016,9,135,1628
c6cd4e0e073f5ac2,2016,10,135,1789
c6cd4e0e073f5ac2,2016,11,139,4309
c6cd4e0e073f5ac2,2016,12,159,1497
c6cd4e0e073f5ac2,2017,1,118,2278
c6cd4e0e073f5ac2,2017,2,174,746
c6cd4e0e073f5ac2,2017,3,180,711
c6cd4e0e073f5ac2,2017,4,191,70
c6cd4e0e073f5ac2,2017,5,183,706
c6cd4e0e073f5ac2,2017,6,227,519
c6cd4e0e073f5ac2,2017,7,248,53
c6cd4e0e073f5ac2,2017,8,389,31
c6cd4e0e073f5ac2,2017,9,491,2058
c6cd4e0e073f5ac2,2017,10,410,899
c6cd4e0e073f5ac2,2017,11,363,1946
c6cd4e0e073f5ac2,2017,12,315,953
cc21c7e91a3b5a0c,2016,1,92,329
cc21c7e91a3b5a0c,2016,2,127,2756
cc21c7e91a3b5a0c,2016,3,194,431
cc21c7e91a3b5a0c,2016,4,177,137
cc21c7e91a3b5a0c,2016,5,184,2513
cc21c7e91a3b5a0c,2016,6,460,1385
cc21c7e91a3b5a0c,2016,7,429,3102
cc21c7e91a3b5a0c,2016,8,197,1483
cc21c7e91a3b5a0c,2016,9,498,1272
cc21c7e91a3b5a0c,2016,10,164,3157
cc21c7e91a3b5a0c,2016,11,143,1251
cc21c7e91a3b5a0c,2016,12,294,528
cc21c7e91a3b5a0c,2017,1,114,677
cc21c7e91a3b5a0c,2017,2,268,5981
cc21c7e91a3b5a0c,2017,3,503,4726
cc21c7e91a3b5a0c,2017,4,175,1086
cc21c7e91a3b5a0c,2017,5,224,3152
cc21c7e91a3b5a0c,2017,6,203,1655
cc21c7e91a3b5a0c,2017,7,315,1856
cc21c7e91a3b5a0c,2017,8,788,1741
cc21c7e91a3b5a0c,2017,9,497,794
cc21c7e91a3b5a0c,2017,10,344,90
cc21c7e91a3b5a0c,2017,11,155,62
cc21c7e91a3b5a0c,2017,12,157,960
cd5841d44fd7625e,2016,1,11,852
cd5841d44fd7625e,2016,2,10,2211
cd5841d44fd7625e,2016,3,11,3404
cd5841d44fd7625e,2016,4,26,9923
cd5841d44fd7625e,2016,5,38,2524
cd5841d44fd7625e,2016,6,49,9540
cd5841d44fd7625e,2016,7,69,12223
cd5841d44fd7625e,2016,8,306,7255
cd5841d44fd7625e,2016,9,352,428
cd5841d44fd7625e,2016,10,307,3873
cd5841d44fd7625e,2016,11,293,957
cd5841d44fd7625e,2016,12,335,1023
cd5841d44fd7625e,2017,1,368,2480
cd5841d44fd7625e,2017,2,459,2694
cd5841d44fd7625e,2017,3,518,958
cd5841d44fd7625e,2017,4,446,2138
cd5841d44fd7625e,2017,5,422,5125
cd5841d44fd7625e,2017,6,442,2162
cd5841d44fd7625e,2017,7,434,2920
cd5841d44fd7625e,2017,8,660,2885
cd5841d44fd7625e,2017,9,599,4251
cd5841d44fd7625e,2017,10,632,1528
cd5841d44fd7625e,2017,11,513,878
cd5841d44fd7625e,2017,12,349,2317
d0f245b8781e3631,2016,1,110,1005
d0f245b8781e3631,2016,2,85,658
d0f245b8781e3631,2016,3,143,1653
d0f245b8781e3631,2016,4,140,534
d0f245b8781e3631,2016,5,124,107
d0f245b8781e3631,2016,6,112,172
d0f245b8781e3631,2016,7,263,4764
d0f245b8781e3631,2016,8,339,3060
d0f245b8781e3631,2016,9,313,982
d0f245b8781e3631,2016,10,212,3136
d0f245b8781e3631,2016,11,311,1383
d0f245b8781e3631,2016,12,230,2939
d0f245b8781e3631,2017,1,131,304
d0f245b8781e3631,2017,2,150,175
d0f245b8781e3631,2017,3,158,1445
d0f245b8781e3631,2017,4,144,3550
d0f245b8781e3631,2017,5,135,2625
d0f245b8781e3631,2017,6,235,485
d0f245b8781e3631,2017,7,169,623
d0f245b8781e3631,2017,8,295,6613
d0f245b8781e3631,2017,9,226,1315
d0f245b8781e3631,2017,10,233,3356
d0f245b8781e3631,2017,11,175,8610
d0f245b8781e3631,2017,12,179,1309
d4efbebb087fd03f,2016,1,17,2313
d4efbebb087fd03f,2016,2,14,1662
d4efbebb087fd03f,2016,3,17,1380
d4efbebb087fd03f,2016,4,24,2725
d4efbebb087fd03f,2016,5,52,3392
d4efbebb087fd03f,2016,6,61,1344
d4efbebb087fd03f,2016,7,59,1190
d4efbebb087fd03f,2016,8,77,86
d4efbebb087fd03f,2016,9,103,3466
d4efbebb087fd03f,2016,10,168,6349
d4efbebb087fd03f,2016,11,513,2602
d4efbebb087fd03f,2016,12,471,3405
d4efbebb087fd03f,2017,1,220,2523
d4efbebb087fd03f,2017,2,259,4868
d4efbebb087fd03f,2017,3,236,2646
d4efbebb087fd03f,2017,4,248,711
d4efbebb087fd03f,2017,5,254,1744
d4efbebb087fd03f,2017,6,214,2114
d4efbebb087fd03f,2017,7,198,2011
d4efbebb087fd03f,2017,8,415,1409
d4efbebb087fd03f,2017,9,408,1610
d4efbebb087fd03f,2017,10,297,3631
d4efbebb087fd03f,2017,11,257,1094
d4efbebb087fd03f,2017,12,281,1128
da457d15788fe8ee,2016,1,7,2800
da457d15788fe8ee,2016,2,5,889
da457d15788fe8ee,2016,3,9,1217
da457d15788fe8ee,2016,4,16,179
da457d15788fe8ee,2016,5,22,192
da457d15788fe8ee,2016,6,40,732
da457d15788fe8ee,2016,7,52,464
da457d15788fe8ee,2016,8,51,2143
da457d15788fe8ee,2016,9,56,1769
da457d15788fe8ee,2016,10,189,2856
da457d15788fe8ee,2016,11,54,2252
da457d15788fe8ee,2016,12,109,212
da457d15788fe8ee,2017,1,87,1554
da457d15788fe8ee,2017,2,130,1037
da457d15788fe8ee,2017,3,146,1209
da457d15788fe8ee,2017,4,131,571
da457d15788fe8ee,2017,5,145,189
da457d15788fe8ee,2017,6,159,1642
da457d15788fe8ee,2017,7,125,1981
da457d15788fe8ee,2017,8,199,574
da457d15788fe8ee,2017,9,184,771
da457d15788fe8ee,2017,10,243,73
da457d15788fe8ee,2017,11,154,541
da457d15788fe8ee,2017,12,150,1197
dff803b4024d261d,2016,1,64,889
dff803b4024d261d,2016,2,74,106
dff803b4024d261d,2016,3,114,325
dff803b4024d261d,2016,4,98,1455
dff803b4024d261d,2016,5,96,1630
dff803b4024d261d,2016,6,149,224
dff803b4024d261d,2016,7,99,8098
dff803b4024d261d,2016,8,412,1425
dff803b4024d261d,2016,9,334,545
dff803b4024d261d,2016,10,289,62
dff803b4024d261d,2016,11,218,521
dff803b4024d261d,2016,12,315,632
dff803b4024d261d,2017,1,263,65
dff803b4024d261d,2017,2,225,2113
dff803b4024d261d,2017,3,368,920
dff803b4024d261d,2017,4,173,69
dff803b4024d261d,2017,5,330,484
dff803b4024d261d,2017,6,311,1840
dff803b4024d261d,2017,7,282,1220
dff803b4024d261d,2017,8,879,265
dff803b4024d261d,2017,9,692,664
dff803b4024d261d,2017,10,410,93
dff803b4024d261d,2017,11,332,705
dff803b4024d261d,2017,12,342,187
ea489c253676aafc,2016,1,61,1111
ea489c253676aafc,2016,2,75,62
ea489c253676aafc,2016,3,109,1953
ea489c253676aafc,2016,4,88,2350
ea489c253676aafc,2016,5,115,3469
ea489c253676aafc,2016,6,528,2435
ea489c253676aafc,2016,7,103,3167
ea489c253676aafc,2016,8,111,4009
ea489c253676aafc,2016,9,343,3853
ea489c253676aafc,2016,10,358,553
ea489c253676aafc,2016,11,192,967
ea489c253676aafc,2016,12,207,1450
ea489c253676aafc,2017,1,149,2152
ea489c253676aafc,2017,2,169,1840
ea489c253676aafc,2017,3,169,1119
ea489c253676aafc,2017,4,189,2058
ea489c253676aafc,2017,5,157,1409
ea489c253676aafc,2017,6,137,1247
ea489c253676aafc,2017,7,130,1107
ea489c253676aafc,2017,8,215,1139
ea489c253676aafc,2017,9,157,1919
ea489c253676aafc,2017,10,124,1785
ea489c253676aafc,2017,11,133,964
ea489c253676aafc,2017,12,121,1027
ef76a85c4b39f693,2016,1,1,1810
ef76a85c4b39f693,2016,2,1,2385
ef76a85c4b39f693,2016,3,4,1221
ef76a85c4b39f693,2016,4,1,12898
ef76a85c4b39f693,2016,5,2,4378
ef76a85c4b39f693,2016,6,1,354
ef76a85c4b39f693,2016,7,1,3777
ef76a85c4b39f693,2016,8,4,18988
ef76a85c4b39f693,2016,9,5,14406
ef76a85c4b39f693,2016,10,5,2921
ef76a85c4b39f693,2016,11,3,1514
ef76a85c4b39f693,2016,12,10,4045
ef76a85c4b39f693,2017,1,1,1289
ef76a85c4b39f693,2017,2,2,1917
ef76a85c4b39f693,2017,3,0,6861
ef76a85c4b39f693,2017,4,7,1419
ef76a85c4b39f693,2017,5,1,5159
ef76a85c4b39f693,2017,6,6,401
ef76a85c4b39f693,2017,7,1,230
ef76a85c4b39f693,2017,8,2,1154
ef76a85c4b39f693,2017,9,1,1255
ef76a85c4b39f693,2017,10,3,917
ef76a85c4b39f693,2017,11,2,514
ef76a85c4b39f693,2017,12,5,1226
f270f6a489c6a9d7,2016,1,17,4025
f270f6a489c6a9d7,2016,2,7,542
f270f6a489c6a9d7,2016,3,14,1473
f270f6a489c6a9d7,2016,4,10,1672
f270f6a489c6a9d7,2016,5,14,2413
f270f6a489c6a9d7,2016,6,13,1327
f270f6a489c6a9d7,2016,7,13,2147
f270f6a489c6a9d7,2016,8,9,1447
f270f6a489c6a9d7,2016,9,10,1627
f270f6a489c6a9d7,2016,10,16,1738
f270f6a489c6a9d7,2016,11,19,905
f270f6a489c6a9d7,2016,12,33,1476
f270f6a489c6a9d7,2017,1,26,1988
f270f6a489c6a9d7,2017,2,25,870
f270f6a489c6a9d7,2017,3,41,1108
f270f6a489c6a9d7,2017,4,25,1421
f270f6a489c6a9d7,2017,5,53,96
f270f6a489c6a9d7,2017,6,32,1273
f270f6a489c6a9d7,2017,7,35,1131
f270f6a489c6a9d7,2017,8,52,1200
f270f6a489c6a9d7,2017,9,44,302
f270f6a489c6a9d7,2017,10,48,62
f270f6a489c6a9d7,2017,11,26,18
f270f6a489c6a9d7,2017,12,31,278
f5d69960089c3614,2016,1,23,317
f5d69960089c3614,2016,2,33,170
f5d69960089c3614,2016,3,47,839
f5d69960089c3614,2016,4,31,43
f5d69960089c3614,2016,5,68,1787
f5d69960089c3614,2016,6,43,652
f5d69960089c3614,2016,7,45,1721
f5d69960089c3614,2016,8,58,750
f5d69960089c3614,2016,9,84,1414
f5d69960089c3614,2016,10,93,493
f5d69960089c3614,2016,11,127,48
f5d69960089c3614,2016,12,152,568
f5d69960089c3614,2017,1,108,1187
f5d69960089c3614,2017,2,60,583
f5d69960089c3614,2017,3,111,85
f5d69960089c3614,2017,4,92,1130
f5d69960089c3614,2017,5,195,234
f5d69960089c3614,2017,6,147,2304
f5d69960089c3614,2017,7,54,1079
f5d69960089c3614,2017,8,99,1166
f5d69960089c3614,2017,9,107,569
f5d69960089c3614,2017,10,50,4936
f5d69960089c3614,2017,11,44,20770
f5d69960089c3614,2017,12,55,11508
f8a6975573af1b33,2016,1,23,2104
f8a6975573af1b33,2016,2,15,293
f8a6975573af1b33,2016,3,26,4535
f8a6975573af1b33,2016,4,18,825
f8a6975573af1b33,2016,5,74,1378
f8a6975573af1b33,2016,6,79,1540
f8a6975573af1b33,2016,7,118,961
f8a6975573af1b33,2016,8,100,1253
f8a6975573af1b33,2016,9,150,1340
f8a6975573af1b33,2016,10,129,2321
f8a6975573af1b33,2016,11,150,4534
f8a6975573af1b33,2016,12,424,922
f8a6975573af1b33,2017,1,337,2337
f8a6975573af1b33,2017,2,449,1195
f8a6975573af1b33,2017,3,603,137
f8a6975573af1b33,2017,4,350,713
f8a6975573af1b33,2017,5,437,859
f8a6975573af1b33,2017,6,434,356
f8a6975573af1b33,2017,7,478,1039
f8a6975573af1b33,2017,8,625,185
f8a6975573af1b33,2017,9,614,841
f8a6975573af1b33,2017,10,579,2874
f8a6975573af1b33,2017,11,535,220
f8a6975573af1b33,2017,12,343,74
fc32b1a017b34efe,2016,1,5,2205
fc32b1a017b34efe,2016,2,19,1400
fc32b1a017b34efe,2016,3,21,2250
fc32b1a017b34efe,2016,4,16,2454
fc32b1a017b34efe,2016,5,11,3140
fc32b1a017b34efe,2016,6,38,333
fc32b1a017b34efe,2016,7,23,1221
fc32b1a017b34efe,2016,8,22,125
fc32b1a017b34efe,2016,9,29,813
fc32b1a017b34efe,2016,10,30,1756
fc32b1a017b34efe,2016,11,25,1527
fc32b1a017b34efe,2016,12,27,43
fc32b1a017b34efe,2017,1,32,1442
fc32b1a017b34efe,2017,2,36,2038
fc32b1a017b34efe,2017,3,113,4911
fc32b1a017b34efe,2017,4,97,2247
fc32b1a017b34efe,2017,5,63,4204
fc32b1a017b34efe,2017,6,59,339
fc32b1a017b34efe,2017,7,98,56
fc32b1a017b34efe,2017,8,126,28
fc32b1a017b34efe,2017,9,187,38
fc32b1a017b34efe,2017,10,150,26
fc32b1a017b34efe,2017,11,79,341
fc32b1a017b34efe,2017,12,86,320
fde95ea242abd896,2016,1,2,380
fde95ea242abd896,2016,2,4,881
fde95ea242abd896,2016,3,8,553
fde95ea242abd896,2016,4,6,1908
fde95ea242abd896,2016,5,14,2469
fde95ea242abd896,2016,6,18,1410
fde95ea242abd896,2016,7,16,3203
fde95ea242abd896,2016,8,35,1513
fde95ea242abd896,2016,9,35,2458
fde95ea242abd896,2016,10,31,3275
fde95ea242abd896,2016,11,23,1633
fde95ea242abd896,2016,12,25,451
fde95ea242abd896,2017,1,45,1156
fde95ea242abd896,2017,2,73,5872
fde95ea242abd896,2017,3,83,5529
fde95ea242abd896,2017,4,56,397
fde95ea242abd896,2017,5,56,417
fde95ea242abd896,2017,6,64,309
fde95ea242abd896,2017,7,93,75
fde95ea242abd896,2017,8,129,2336
fde95ea242abd896,2017,9,107,1245
fde95ea242abd896,2017,10,68,65
fde95ea242abd896,2017,11,139,106
fde95ea242abd896,2017,12,81,515
feabbf46658382b9,2016,1,70,5680
feabbf46658382b9,2016,2,123,2318
feabbf46658382b9,2016,3,167,5991
feabbf46658382b9,2016,4,205,3195
feabbf46658382b9,2016,5,224,2061
feabbf46658382b9,2016,6,253,4965
feabbf46658382b9,2016,7,193,3315
feabbf46658382b9,2016,8,284,328
feabbf46658382b9,2016,9,213,2234
feabbf46658382b9,2016,10,297,3089
feabbf46658382b9,2016,11,381,961
feabbf46658382b9,2016,12,588,2668
feabbf46658382b9,2017,1,239,2965
feabbf46658382b9,2017,2,266,4328
feabbf46658382b9,2017,3,457,3270
feabbf46658382b9,2017,4,305,2048
feabbf46658382b9,2017,5,260,3036
feabbf46658382b9,2017,6,757,1909
feabbf46658382b9,2017,7,1133,3717
feabbf46658382b9,2017,8,1604,1301
feabbf46658382b9,2017,9,1494,1011
feabbf46658382b9,2017,10,1065,2414
feabbf46658382b9,2017,11,561,2195
feabbf46658382b9,2017,12,586,4423